{
  "notes": [
    {
      "id": "1",
      "title": "Plan de révision",
      "content": "Organisation de la semaine et planning des tâches principales.",
      "date": "2024-06-26T09:00:00Z",
      "category": "Planner",
      "tags": [
        "organisation",
        "révision"
      ],
      "favorite": false,
      "pinned": true,
      "deleted": true
    },
    {
      "id": "2",
      "title": "Idées de roman",
      "content": "Penser à la scène d’intro, développer le personnage principal.",
      "date": "2024-06-20T14:30:00Z",
      "category": "Thoughts",
      "tags": [
        "roman",
        "écriture"
      ],
      "favorite": false,
      "pinned": false,
      "deleted": true
    },
    {
      "id": "3",
      "title": "Cours de math - Chap 5",
      "content": "Résumé sur les suites arithmétiques, exercices à refaire.",
      "date": "2024-06-15T09:45:00Z",
      "category": "ClassNotes",
      "tags": [
        "math",
        "cours"
      ],
      "favorite": false,
      "pinned": false,
      "deleted": true
    },
    {
      "id": "4",
      "title": "Journal du 26 juin",
      "content": "Belle journée, beaucoup avancé sur le projet NoteZapp.",
      "date": "2024-06-26T22:15:00Z",
      "category": "Journal",
      "tags": [
        "perso",
        "journal"
      ],
      "favorite": false,
      "pinned": false,
      "deleted": true
    },
    {
      "id": "5",
      "title": "Tasklist Semaine",
      "content": "Liste des choses à faire cette semaine.",
      "date": "2024-06-24T10:00:00Z",
      "category": "TaskList",
      "tags": [
        "tâches",
        "hebdo"
      ],
      "favorite": false,
      "pinned": false,
      "taskList": [
        {
          "id": 1,
          "content": "Terminer le devoir de math",
          "completed": false
        },
        {
          "id": 2,
          "content": "Préparer le plan du projet",
          "completed": true
        },
        {
          "id": 3,
          "content": "Faire les courses",
          "completed": false
        }
      ],
      "deleted": true
    },
    {
      "id": "6",
      "title": "Document - Processus API",
      "content": "Spécifications pour l’API de prise de notes, endpoints principaux à implémenter.",
      "date": "2024-06-22T13:10:00Z",
      "category": "Documents",
      "tags": [
        "api",
        "tech"
      ],
      "favorite": false,
      "pinned": false,
      "deleted": true
    },
    {
      "id": "7",
      "title": "Idées de test",
      "content": "Penser à la scène d’intro, développer le personnage principal.",
      "date": "2024-06-20T14:30:00Z",
      "category": "Thoughts",
      "tags": [
        "roman",
        "écriture"
      ],
      "favorite": false,
      "pinned": false,
      "deleted": true
    },
    {
      "id": "8",
      "title": "Idées de test",
      "content": "Penser à la scène d’intro, développer le personnage principal.",
      "date": "2024-06-20T14:30:00Z",
      "category": "Thoughts",
      "tags": [
        "roman",
        "écriture"
      ],
      "favorite": false,
      "pinned": false,
      "deleted": true
    },
    {
      "id": "c55f",
      "category": "TaskList",
      "title": "test ajout",
      "content": "djeoifjeklfc,edvfefvjiofkd",
      "tags": [
        "test"
      ],
      "date": "2025-06-27T00:15:51.945Z",
      "favorite": false,
      "deleted": true
    },
    {
      "id": "941b",
      "title": "test titre",
      "category": "Journal",
      "content": "<p>test test tes</p>",
      "tags": [],
      "date": "2025-06-27T00:31:31.207Z",
      "deleted": true
    },
    {
      "id": "a4d1",
      "title": "pllpl",
      "category": "ClassNotes",
      "content": "<p>plol</p>",
      "tags": [],
      "date": "2025-06-27T00:38:10.623Z",
      "favorite": false,
      "deleted": true
    },
    {
      "id": "0788",
      "title": "test",
      "category": "Thoughts",
      "content": "<p>test</p>",
      "tags": [],
      "date": "2025-06-27T01:14:45.588Z",
      "deleted": true
    },
    {
      "id": "fca0",
      "title": "mmmm",
      "category": "ClassNotes",
      "content": "<p>mmmm</p>",
      "tags": [],
      "date": "2025-06-27T01:15:01.354Z",
      "deleted": true
    },
    {
      "id": "d48e",
      "title": "okokok",
      "category": "Documents",
      "content": "<p>okokok</p>",
      "tags": [],
      "date": "2025-06-27T01:15:18.988Z",
      "favorite": true,
      "deleted": true
    },
    {
      "id": "bfc0",
      "title": "ofk,lredf;re",
      "category": "Journal",
      "content": "<p>odkkr,feldrfkldf, ;ed</p>",
      "tags": [
        "kl,rfrlkf",
        "kjnr,frlkf",
        "kl,frfreml",
        "lke,dke,d"
      ],
      "date": "2025-06-27T01:15:57.887Z"
    },
    {
      "id": "7de3",
      "title": "test",
      "category": "Planner",
      "content": "<p>test</p>",
      "tags": [],
      "date": "2025-06-27T12:31:59.192Z"
    },
    {
      "id": "333e",
      "title": "test botan",
      "category": "TaskList",
      "content": "<p>aaaaaaaaaaaaa</p>",
      "tags": [],
      "date": "2025-06-27T12:39:29.610Z",
      "taskList": [
        {
          "id": 1751027965035,
          "content": "xx",
          "completed": true
        },
        {
          "id": 1751027966660,
          "content": "xx",
          "completed": true
        },
        {
          "id": 1751027968697,
          "content": "2",
          "completed": true
        }
      ]
    },
    {
      "id": "8ead",
      "title": "test",
      "category": "TaskList",
      "content": "<p>aaaaaaaaaa</p>",
      "tags": [],
      "date": "2025-06-27T12:51:36.715Z",
      "taskList": [
        {
          "id": 1751028691072,
          "content": "Ok",
          "completed": false
        }
      ]
    },
    {
      "id": "d1e1",
      "title": "aaa",
      "category": "Planner",
      "content": "<p>aaaaaaaaa</p>",
      "tags": [],
      "date": "2025-06-27T12:51:53.668Z"
    },
    {
      "id": "18af",
      "title": "ok",
      "category": "Planner",
      "content": "<p>ok</p>",
      "tags": [],
      "date": "2025-06-27T12:52:12.541Z"
    },
    {
      "id": "410f",
      "title": "bonjour",
      "category": "Journal",
      "content": "<p>bonjour meryem</p>",
      "tags": [],
      "date": "2025-06-28T18:48:50.036Z"
    },
    {
      "id": "e198",
      "title": "nuit",
      "category": "Journal",
      "content": "<p>il est 00 46</p>",
      "tags": [],
      "date": "2025-06-28T22:46:52.291Z"
    }
  ],
  "users": [
    {
      "id": "de7b",
      "username": "Hajar JAMAL",
      "email": "hajarjamal05@gmail.com",
      "password": "meryemza"
    },
    {
      "id": "1596",
      "username": "meryem zainoul",
      "email": "zainoulmeryem1@gmail.com",
      "password": "Meryem"
    }
  ]
}